{
  "AWSTemplateFormatVersion": "2010-09-09",
  "Description": "AWS CloudFormation template to create the DynamoDB table for the notes application ",
  "Resources": {
    "DynamoDbNotesTable": {
      "Type": "AWS::DynamoDB::Table",
      "DeletionPolicy": "Retain",
      "Properties": {
        "AttributeDefinitions": [
          {
            "AttributeName": "id",
            "AttributeType": "S"
          }
        ],
        "KeySchema": [
          {
            "AttributeName": "id",
            "KeyType": "HASH"
          }
        ],
        "ProvisionedThroughput": {
          "ReadCapacityUnits": 1,
          "WriteCapacityUnits": 1
        },
        "TableName": "${project}-notes-${stage}"
      }
    }
  },
  "lambdaIamPolicyDocumentStatements": [
    {
      "Effect": "Allow",
      "Action": "*",
      "Resource": "arn:aws:dynamodb:${region}:*:table/${project}-notes-${stage}"
    }
  ]
}