{
  "name": "show",
  "customName": false,
  "customRole": false,
  "handler": "notes/show/handler.handler",
  "timeout": 6,
  "memorySize": 1024,
  "custom": {
    "excludePatterns": [],
    "envVars": []
  },
  "endpoints": [
    {
      "path": "notes/{id}",
      "method": "GET",
      "type": "AWS",
      "authorizationType": "none",
      "apiKeyRequired": false,
      "requestParameters": {},
      "requestTemplates": {
        "application/json": "{ \"id\": \"$input.params('id')\" }"
      },
      "responses": {
        "400": {
          "statusCode": "400"
        },
        "default": {
          "statusCode": "200",
          "responseParameters": {},
          "responseModels": {},
          "responseTemplates": {
            "application/json": ""
          }
        }
      }
    }
  ],
  "events": []
}